arasafe_core_ffotd_tu23_639_cf92ecf4a75d3f79.ff,2432,FCB3F6D4A4A21A2AE399E3D8F2430126
arasafe_core_playlists_tu23_639_cf92ecf4a75d3f79.ff,2432,2C20B802AEA7FCDFF599BA40B554FB58
core_ffotd_tu23_639_cf92ecf4a75d3f79.ff,10315840,002F37761AF31051C400EC8DB5095062
core_playlists_tu23_639_cf92ecf4a75d3f79.ff,30912,99DD77754218042A01D8F2D082028C68
en_core_ffotd_tu23_639_cf92ecf4a75d3f79.ff,38784,8C6ED0DCA0ECA3AF1B9811AC2108E5CE
en_core_playlists_tu23_639_cf92ecf4a75d3f79.ff,25472,210E50AB866C9AFCBE7B866E5059C1DD
gersafe_core_ffotd_tu23_639_cf92ecf4a75d3f79.ff,2432,0120914E8A43330ECB5B211208E0763E
gersafe_core_playlists_tu23_639_cf92ecf4a75d3f79.ff,2432,814775B5E27BE462607537852C9C42F1
jpsafe_core_ffotd_tu23_639_cf92ecf4a75d3f79.ff,2432,2D743D8D63B074A97151807CA502ABC4
jpsafe_core_playlists_tu23_639_cf92ecf4a75d3f79.ff,2432,71BEA66B0385C06EB1F660A64F36654D
k15safe_core_ffotd_tu23_639_cf92ecf4a75d3f79.ff,2432,8125C3EC0729F0D33C1373E60CD6D61B
k15safe_core_playlists_tu23_639_cf92ecf4a75d3f79.ff,2432,4DB74A55B84648964E866132C66DFB3F